Customer,PartNum,City
Emilia,P9,Cologne
Emilia,P1,Hamburg
Hana,P9,Berlin
Matteo,P7,Cologne
Clara,P1,Hamburg
Hana,P8,Leipzig
Emilia,P7,Munich
Clara,P1,Munich
Noah,P3,Berlin
Matteo,P4,Berlin
Elias,P7,Nuremberg
Matteo,P3,Munich
Hana,P9,Cologne
Matteo,P7,Munich
Noah,P9,Cologne
Hana,P1,Berlin
Hana,P9,Berlin
Matteo,P5,Hamburg
Matteo,P2,Berlin
Noah,P6,Munich
Noah,P6,Munich
Emilia,P4,Munich
Hana,P6,Berlin
Matteo,P9,Berlin
Hana,P8,Berlin
Helene,P6,Leipzig
Clara,P3,Hamburg
Helene,P1,Cologne
Emilia,P8,Hamburg
Hana,P6,Nuremberg
Emilia,P2,Berlin
Elias,P6,Munich
Hana,P1,Munich
Clara,P1,Nuremberg
Emilia,P4,Hamburg
Emilia,P2,Berlin
Clara,P7,Berlin
Hana,P9,Berlin
Emilia,P9,Nuremberg
Helene,P3,Leipzig
Clara,P9,Berlin
Noah,P9,Leipzig
Emilia,P9,Nuremberg
Emilia,P9,Leipzig
Hana,P5,Berlin
Helene,P7,Cologne
Hana,P2,Berlin
Noah,P9,Munich
Clara,P9,Munich
Hana,P8,Berlin
Helene,P9,Berlin
Clara,P9,Nuremberg
Elias,P9,Nuremberg
Matteo,P9,Berlin
Noah,P6,Munich
Noah,P1,Hamburg
Noah,P8,Munich
Emilia,P4,Cologne
Emilia,P9,Munich
Hana,P1,Nuremberg
Helene,P1,Leipzig
Hana,P9,Berlin
Hana,P2,Nuremberg
Emilia,P9,Munich
Helene,P9,Berlin
Matteo,P6,Berlin
Elias,P2,Munich
Emilia,P6,Berlin
Noah,P6,Nuremberg
Matteo,P4,Hamburg
Matteo,P3,Berlin
Helene,P9,Berlin
Emilia,P6,Munich
Hana,P6,Nuremberg
Emilia,P6,Nuremberg
Helene,P6,Nuremberg
Helene,P6,Cologne
Noah,P3,Leipzig
Matteo,P3,Munich
Elias,P1,Berlin
Elias,P3,Nuremberg
Noah,P6,Cologne
Emilia,P6,Berlin
Emilia,P3,Cologne
Noah,P1,Cologne
Helene,P8,Berlin
Clara,P3,Hamburg
Helene,P9,Berlin
Matteo,P2,Cologne
Emilia,P6,Berlin
Clara,P3,Berlin
Hana,P1,Cologne
Noah,P3,Munich
Hana,P6,Leipzig
Noah,P4,Munich
Clara,P6,Cologne
Helene,P6,Munich
Hana,P5,Berlin
Elias,P1,Munich
Clara,P9,Berlin
Noah,P4,Hamburg
Hana,P1,Berlin
Matteo,P1,Nuremberg
Clara,P7,Nuremberg
Noah,P3,Berlin
Emilia,P4,Cologne
Hana,P8,Cologne
Helene,P4,Munich
Clara,P7,Nuremberg
Elias,P3,Cologne
Helene,P9,Munich
Elias,P2,Nuremberg
Hana,P6,Leipzig
Emilia,P3,Cologne
Matteo,P6,Cologne
Matteo,P3,Nuremberg
Emilia,P6,Munich
Emilia,P9,Berlin
Elias,P1,Munich
Helene,P1,Berlin
Elias,P6,Nuremberg
Clara,P6,Berlin
Hana,P9,Berlin
Helene,P5,Leipzig
Helene,P7,Munich
Helene,P6,Berlin
Matteo,P9,Leipzig
Clara,P6,Cologne
Clara,P1,Cologne
Noah,P9,Berlin
Noah,P7,Leipzig
Emilia,P9,Nuremberg
Noah,P9,Berlin
Clara,P7,Cologne
Emilia,P4,Hamburg
Clara,P3,Nuremberg
Matteo,P5,Leipzig
Noah,P9,Leipzig
Helene,P7,Leipzig
Emilia,P4,Berlin
Clara,P6,Cologne
Noah,P7,Leipzig
Noah,P1,Leipzig
Emilia,P3,Leipzig
Hana,P1,Nuremberg
Noah,P6,Berlin
Matteo,P3,Nuremberg
Emilia,P8,Hamburg
Hana,P5,Munich
Noah,P6,Munich
Noah,P9,Berlin
Hana,P7,Cologne
Helene,P3,Berlin
Helene,P9,Berlin
Noah,P3,Munich
Matteo,P4,Leipzig
Noah,P4,Hamburg
Helene,P7,Nuremberg
Helene,P4,Cologne
Helene,P8,Hamburg
Hana,P4,Munich
Hana,P6,Leipzig
Hana,P9,Hamburg
Clara,P2,Cologne
Hana,P4,Munich
Hana,P4,Cologne
Emilia,P1,Berlin
Clara,P1,Nuremberg
Emilia,P6,Nuremberg
Matteo,P4,Berlin
Emilia,P2,Nuremberg
Helene,P3,Berlin
Matteo,P8,Berlin
Helene,P4,Leipzig
Hana,P6,Munich
Clara,P9,Munich
Clara,P2,Berlin
Helene,P6,Nuremberg
Helene,P9,Berlin
Noah,P6,Nuremberg
Emilia,P1,Nuremberg
Noah,P9,Nuremberg
Emilia,P5,Berlin
Clara,P5,Leipzig
Noah,P3,Nuremberg
Matteo,P5,Hamburg
Hana,P2,Cologne
Noah,P6,Nuremberg
Matteo,P6,Hamburg
Noah,P6,Berlin
Noah,P1,Berlin
Hana,P3,Leipzig
Hana,P6,Berlin
Hana,P5,Munich
Emilia,P9,Berlin
Noah,P6,Cologne
Clara,P9,Nuremberg
Elias,P1,Berlin
Noah,P9,Nuremberg
Matteo,P9,Berlin
Noah,P7,Berlin
Emilia,P3,Munich
Emilia,P9,Nuremberg
Hana,P9,Munich
Matteo,P1,Berlin
Hana,P9,Munich
Matteo,P7,Cologne
Hana,P4,Nuremberg
Helene,P1,Berlin
Matteo,P1,Berlin
Emilia,P9,Leipzig
Emilia,P6,Hamburg
Clara,P1,Munich
Hana,P1,Berlin
Clara,P4,Nuremberg
Clara,P9,Berlin
Helene,P2,Berlin
Clara,P3,Hamburg
Emilia,P6,Berlin
Helene,P9,Berlin
Helene,P6,Nuremberg
Clara,P7,Nuremberg
Noah,P1,Berlin
Clara,P1,Cologne
Noah,P6,Nuremberg
Hana,P1,Berlin
Noah,P6,Nuremberg
Hana,P8,Munich
Clara,P1,Nuremberg
Elias,P6,Leipzig
Helene,P9,Berlin
Noah,P6,Leipzig
Noah,P9,Berlin
Elias,P3,Cologne
Elias,P6,Nuremberg
Hana,P2,Munich
Clara,P3,Nuremberg
Matteo,P4,Cologne
Clara,P1,Berlin
Emilia,P1,Munich
Matteo,P3,Nuremberg
Matteo,P3,Munich
Matteo,P4,Cologne
Helene,P6,Munich
Noah,P8,Hamburg
Matteo,P3,Nuremberg
Noah,P3,Berlin
Hana,P1,Leipzig
Matteo,P8,Munich
Noah,P5,Leipzig
Hana,P2,Leipzig
Elias,P4,Leipzig
Emilia,P3,Munich
Hana,P4,Munich
Noah,P1,Berlin
Helene,P9,Munich
Helene,P3,Berlin
Hana,P6,Munich
Emilia,P9,Hamburg
Hana,P4,Munich
Noah,P8,Leipzig
Emilia,P1,Cologne
Hana,P5,Leipzig
Matteo,P8,Nuremberg
Hana,P1,Hamburg
Helene,P1,Hamburg
Hana,P1,Leipzig
Noah,P4,Berlin
Emilia,P9,Berlin
Hana,P6,Berlin
Hana,P5,Nuremberg
Matteo,P8,Berlin
Clara,P9,Cologne
Clara,P6,Berlin
Helene,P8,Cologne
Clara,P6,Leipzig
Noah,P7,Nuremberg
Clara,P8,Berlin
Hana,P3,Berlin
Matteo,P1,Leipzig
Clara,P8,Nuremberg
Helene,P1,Cologne
Hana,P6,Munich
Helene,P5,Nuremberg
Emilia,P9,Munich
Helene,P8,Munich
Emilia,P2,Cologne
Helene,P1,Leipzig
Emilia,P1,Nuremberg
Hana,P4,Munich
Emilia,P1,Berlin
Hana,P9,Munich
Matteo,P7,Leipzig
Emilia,P8,Berlin
Hana,P5,Berlin
Helene,P1,Cologne
Helene,P8,Nuremberg
Noah,P8,Hamburg
Helene,P8,Hamburg
Clara,P1,Leipzig
Clara,P9,Nuremberg
Helene,P6,Berlin
Emilia,P9,Berlin
Matteo,P7,Cologne
Hana,P1,Leipzig
Elias,P6,Munich
Helene,P9,Berlin
Helene,P2,Berlin
Elias,P1,Berlin
Hana,P4,Berlin
Hana,P5,Nuremberg
Hana,P4,Munich
Elias,P6,Munich
Hana,P7,Nuremberg
Helene,P5,Berlin
Clara,P3,Munich
Matteo,P6,Munich
Noah,P6,Hamburg
Clara,P9,Munich
Hana,P1,Leipzig
Noah,P3,Cologne
Noah,P9,Nuremberg
Hana,P5,Nuremberg
Noah,P6,Cologne
Helene,P3,Munich
Noah,P8,Munich
Hana,P7,Cologne
Helene,P1,Munich
Elias,P9,Leipzig
Hana,P4,Leipzig
Clara,P9,Munich
Hana,P3,Berlin
Helene,P6,Berlin
Clara,P9,Munich
Hana,P5,Berlin
Hana,P3,Cologne
Noah,P6,Munich
Hana,P9,Munich
Hana,P1,Berlin
Hana,P1,Hamburg
Noah,P5,Cologne
Emilia,P3,Leipzig
Helene,P1,Cologne
Matteo,P7,Cologne
Hana,P7,Berlin
Hana,P3,Munich
Clara,P6,Berlin
Clara,P3,Leipzig
Hana,P2,Berlin
Emilia,P9,Cologne
Emilia,P4,Leipzig
Hana,P8,Berlin
Helene,P8,Munich
Elias,P8,Munich
Noah,P7,Munich
Matteo,P1,Berlin
Clara,P8,Nuremberg
Hana,P3,Cologne
Emilia,P6,Munich
Helene,P7,Nuremberg
Hana,P3,Leipzig
Hana,P9,Nuremberg
Clara,P1,Nuremberg
Clara,P3,Berlin
Noah,P6,Munich
Clara,P2,Berlin
Noah,P9,Leipzig
Hana,P6,Munich
Emilia,P7,Munich
Helene,P4,Munich
Hana,P9,Cologne
Hana,P7,Hamburg
Hana,P5,Munich
Noah,P1,Berlin
Matteo,P7,Nuremberg
Hana,P6,Leipzig
Clara,P6,Cologne
Clara,P6,Berlin
Elias,P3,Munich
Elias,P7,Munich
Hana,P7,Munich
Helene,P6,Berlin
Helene,P1,Berlin
Elias,P1,Nuremberg
Emilia,P9,Munich
Clara,P1,Hamburg
Matteo,P9,Nuremberg
Noah,P9,Munich
Helene,P1,Munich
Emilia,P3,Leipzig
Matteo,P9,Munich
Helene,P1,Cologne
Noah,P9,Leipzig
Hana,P1,Munich
Emilia,P1,Berlin
Elias,P5,Nuremberg
Clara,P1,Leipzig
Noah,P7,Berlin
Helene,P5,Munich
Clara,P1,Nuremberg
Helene,P2,Munich
Emilia,P1,Cologne
Helene,P1,Nuremberg
Emilia,P8,Nuremberg
Hana,P6,Berlin
Helene,P7,Berlin
Emilia,P7,Cologne
Matteo,P5,Leipzig
Elias,P4,Cologne
Emilia,P3,Munich
Helene,P1,Nuremberg
Hana,P9,Nuremberg
Clara,P9,Berlin
Noah,P4,Munich
Matteo,P9,Cologne
Clara,P7,Nuremberg
Helene,P5,Berlin
Noah,P1,Leipzig
Hana,P9,Hamburg
Noah,P4,Cologne
Noah,P1,Nuremberg
Emilia,P9,Hamburg
Matteo,P2,Leipzig
Matteo,P9,Nuremberg
Matteo,P4,Berlin
Hana,P3,Cologne
Hana,P8,Berlin
Helene,P1,Berlin
Noah,P6,Leipzig
Noah,P9,Berlin
Noah,P7,Leipzig
Emilia,P5,Munich
Hana,P5,Berlin
Noah,P1,Berlin
Elias,P7,Leipzig
Clara,P8,Munich
Hana,P4,Berlin
Helene,P9,Cologne
Helene,P3,Munich
Helene,P8,Berlin
Noah,P1,Nuremberg
Helene,P3,Berlin
Matteo,P9,Berlin
Hana,P7,Leipzig
Noah,P9,Berlin
Elias,P1,Berlin
Clara,P7,Berlin
Clara,P5,Berlin
Clara,P8,Munich
Helene,P7,Berlin
Emilia,P1,Cologne
Clara,P1,Berlin
Noah,P8,Munich
Helene,P3,Nuremberg
Clara,P5,Munich
Helene,P1,Berlin
Elias,P7,Nuremberg
Noah,P7,Cologne
Hana,P9,Hamburg
Noah,P6,Munich
Matteo,P4,Nuremberg
Emilia,P3,Leipzig
Noah,P9,Munich
Emilia,P3,Berlin
Matteo,P1,Munich
Clara,P9,Leipzig
Noah,P3,Hamburg
Noah,P3,Cologne
Clara,P6,Munich
Helene,P5,Berlin
Helene,P2,Nuremberg
Clara,P3,Nuremberg
Emilia,P1,Berlin
Hana,P3,Munich
Clara,P6,Nuremberg
Emilia,P4,Leipzig
Hana,P7,Munich
Clara,P5,Berlin
Hana,P3,Cologne
Helene,P9,Leipzig
Elias,P7,Leipzig
Noah,P6,Nuremberg
Hana,P1,Cologne
Noah,P1,Berlin
Matteo,P1,Leipzig
Clara,P7,Munich
Clara,P5,Berlin
Helene,P4,Berlin
Helene,P9,Nuremberg
Hana,P6,Hamburg
Clara,P7,Nuremberg
Clara,P9,Cologne
Noah,P9,Cologne
Noah,P9,Nuremberg
Hana,P9,Berlin
Noah,P9,Nuremberg
Hana,P4,Berlin
Noah,P9,Cologne
Helene,P6,Berlin
Emilia,P7,Nuremberg
Hana,P4,Munich
Hana,P1,Munich
Noah,P3,Nuremberg
Hana,P8,Hamburg
Noah,P3,Berlin
Matteo,P6,Munich
Noah,P7,Nuremberg
Noah,P3,Berlin
Noah,P4,Cologne
Elias,P9,Berlin
Hana,P8,Munich
Hana,P7,Nuremberg
Elias,P6,Munich
Noah,P7,Berlin
Helene,P8,Berlin
Helene,P6,Berlin
Hana,P6,Munich
Emilia,P5,Munich
Clara,P8,Nuremberg
Emilia,P9,Berlin
Clara,P9,Munich
Helene,P7,Cologne
Elias,P9,Nuremberg
Helene,P9,Berlin
Emilia,P5,Nuremberg
Elias,P8,Cologne
Emilia,P8,Leipzig
Noah,P4,Munich
Elias,P8,Berlin
Clara,P3,Berlin
Matteo,P9,Berlin
Helene,P7,Cologne
Noah,P4,Munich
Elias,P3,Cologne
Clara,P7,Nuremberg
Clara,P1,Munich
Noah,P9,Berlin
Noah,P1,Cologne
Helene,P7,Cologne
Helene,P4,Nuremberg
Emilia,P6,Munich
Noah,P3,Cologne
Emilia,P2,Cologne
Hana,P7,Nuremberg
Matteo,P7,Berlin
Hana,P9,Hamburg
Clara,P2,Munich
Noah,P9,Berlin
Elias,P4,Nuremberg
Hana,P5,Munich
Noah,P9,Berlin
Helene,P5,Nuremberg
Emilia,P9,Nuremberg
Hana,P1,Nuremberg
Matteo,P4,Nuremberg
Clara,P4,Munich
Noah,P3,Leipzig
Helene,P9,Munich
Emilia,P5,Nuremberg
Clara,P1,Berlin
Noah,P5,Hamburg
Helene,P9,Berlin
Elias,P4,Berlin
Hana,P9,Nuremberg
Matteo,P4,Munich
Clara,P3,Hamburg
Hana,P1,Berlin
Hana,P6,Nuremberg
Matteo,P3,Leipzig
Hana,P9,Hamburg
Noah,P6,Berlin
Noah,P9,Berlin
Helene,P6,Nuremberg
Clara,P1,Cologne
Helene,P6,Berlin
Elias,P3,Hamburg
Noah,P9,Cologne
Hana,P1,Leipzig
Clara,P1,Munich
Noah,P6,Munich
Emilia,P1,Cologne
Noah,P3,Munich
Hana,P5,Berlin
Noah,P6,Nuremberg
Hana,P8,Cologne
Elias,P5,Nuremberg
Elias,P6,Cologne
Helene,P1,Berlin
Matteo,P1,Munich
Noah,P7,Berlin
Hana,P9,Munich
Noah,P1,Cologne
Helene,P7,Leipzig
Noah,P2,Berlin
Hana,P1,Berlin
Matteo,P9,Berlin
Elias,P1,Leipzig
Emilia,P1,Berlin
Clara,P4,Hamburg
Emilia,P5,Munich
Emilia,P4,Berlin
Hana,P3,Nuremberg
Hana,P1,Cologne
Clara,P7,Hamburg
Hana,P6,Munich
Matteo,P6,Berlin
Hana,P1,Munich
Emilia,P9,Munich
Matteo,P9,Munich
Elias,P9,Berlin
Matteo,P5,Nuremberg
Emilia,P9,Berlin
Emilia,P1,Berlin
Noah,P9,Munich
Hana,P9,Nuremberg
Elias,P9,Munich
Noah,P1,Cologne
Clara,P9,Nuremberg
Matteo,P6,Hamburg
Helene,P1,Munich
Clara,P1,Nuremberg
Matteo,P9,Nuremberg
Noah,P6,Leipzig
Hana,P9,Cologne
Elias,P6,Berlin
Noah,P8,Berlin
Hana,P4,Berlin
Matteo,P3,Berlin
Helene,P6,Munich
Emilia,P1,Nuremberg
Helene,P1,Nuremberg
Hana,P9,Berlin
Elias,P7,Berlin
Emilia,P6,Cologne
Noah,P5,Hamburg
Matteo,P9,Berlin
Clara,P7,Berlin
Helene,P3,Hamburg
Helene,P3,Nuremberg
Noah,P6,Berlin
Hana,P7,Hamburg
Noah,P9,Cologne
Clara,P7,Berlin
Emilia,P5,Nuremberg
Matteo,P7,Leipzig
Emilia,P9,Cologne
Matteo,P6,Nuremberg
Noah,P6,Munich
Helene,P4,Hamburg
Matteo,P9,Nuremberg
Matteo,P7,Berlin
Helene,P7,Munich
Emilia,P3,Cologne
Emilia,P6,Munich
Noah,P9,Hamburg
Helene,P9,Nuremberg
Helene,P9,Nuremberg
Noah,P5,Munich
Matteo,P8,Berlin
Noah,P3,Cologne
Clara,P5,Leipzig
Clara,P3,Berlin
Clara,P1,Munich
Helene,P5,Hamburg
Emilia,P3,Nuremberg
Matteo,P3,Berlin
Emilia,P8,Nuremberg
Hana,P9,Berlin
Noah,P5,Berlin
Hana,P8,Nuremberg
Matteo,P8,Munich
Hana,P9,Nuremberg
Noah,P5,Berlin
Noah,P8,Hamburg
Clara,P1,Leipzig
Noah,P4,Hamburg
Noah,P4,Hamburg
Noah,P1,Hamburg
Matteo,P6,Hamburg
Elias,P4,Nuremberg
Helene,P9,Berlin
Matteo,P9,Berlin
Helene,P1,Cologne
Helene,P5,Nuremberg
Hana,P7,Leipzig
Hana,P4,Hamburg
Helene,P4,Hamburg
Helene,P8,Cologne
Emilia,P9,Munich
Clara,P9,Berlin
Emilia,P3,Nuremberg
Hana,P6,Hamburg
Matteo,P1,Cologne
Hana,P6,Cologne
Matteo,P1,Munich
Clara,P5,Leipzig
Clara,P3,Munich
Hana,P8,Cologne
Clara,P1,Cologne
Helene,P7,Munich
Hana,P6,Nuremberg
Hana,P5,Hamburg
Noah,P9,Munich
Noah,P7,Leipzig
Matteo,P3,Berlin
Hana,P3,Munich
Clara,P5,Munich
Emilia,P1,Munich
Noah,P4,Munich
Emilia,P4,Nuremberg
Noah,P1,Munich
Hana,P6,Munich
Hana,P3,Leipzig
Noah,P9,Munich
Emilia,P5,Leipzig
Noah,P7,Nuremberg
Clara,P8,Berlin
Helene,P1,Berlin
Hana,P9,Berlin
Noah,P1,Nuremberg
Matteo,P5,Cologne
Helene,P3,Cologne
Emilia,P3,Hamburg
Noah,P3,Cologne
Hana,P4,Cologne
Matteo,P9,Munich
Emilia,P6,Cologne
Emilia,P1,Cologne
Helene,P9,Berlin
Hana,P9,Berlin
Helene,P3,Munich
Helene,P8,Leipzig
Emilia,P9,Berlin
Matteo,P1,Munich
Matteo,P7,Cologne
Emilia,P1,Cologne
Hana,P8,Berlin
Noah,P9,Munich
Emilia,P7,Berlin
Hana,P1,Berlin
Helene,P3,Berlin
Noah,P8,Hamburg
Hana,P7,Berlin
Hana,P5,Munich
Hana,P1,Berlin
Noah,P5,Cologne
Matteo,P9,Berlin
Clara,P1,Berlin
Hana,P8,Munich
Helene,P9,Munich
Helene,P9,Berlin
Elias,P9,Hamburg
Hana,P9,Berlin
Clara,P9,Hamburg
Helene,P9,Munich
Noah,P5,Munich
Hana,P9,Leipzig
Hana,P9,Berlin
Noah,P5,Cologne
Emilia,P7,Berlin
Hana,P3,Cologne
Helene,P4,Cologne
Matteo,P9,Berlin
Hana,P9,Leipzig
Helene,P9,Hamburg
Clara,P7,Nuremberg
Helene,P7,Nuremberg
Clara,P1,Munich
Elias,P3,Cologne
Noah,P9,Munich
Hana,P9,Munich
Emilia,P6,Berlin
Hana,P7,Berlin
Emilia,P1,Berlin
Emilia,P1,Munich
Clara,P4,Leipzig
Noah,P1,Berlin
Helene,P1,Hamburg
Noah,P8,Munich
Hana,P4,Munich
Elias,P3,Cologne
Emilia,P6,Munich
Clara,P6,Berlin
Clara,P4,Munich
Helene,P1,Munich
Clara,P6,Munich
Matteo,P3,Nuremberg
Noah,P6,Munich
Matteo,P4,Nuremberg
Emilia,P1,Leipzig
Matteo,P4,Berlin
Helene,P7,Cologne
Hana,P4,Cologne
Helene,P5,Munich
Helene,P5,Leipzig
Clara,P7,Cologne
Matteo,P1,Munich
Hana,P3,Berlin
Helene,P6,Cologne
Emilia,P9,Nuremberg
Noah,P8,Cologne
Matteo,P4,Berlin
Clara,P3,Nuremberg
Emilia,P9,Berlin
Emilia,P1,Munich
Matteo,P9,Nuremberg
Matteo,P1,Berlin
Hana,P4,Berlin
Clara,P5,Leipzig
Emilia,P1,Berlin
Emilia,P9,Leipzig
Clara,P5,Leipzig
Matteo,P6,Nuremberg
Hana,P1,Nuremberg
Emilia,P2,Cologne
Noah,P5,Leipzig
Helene,P1,Cologne
Hana,P3,Berlin
Elias,P6,Leipzig
Hana,P9,Leipzig
Noah,P4,Berlin
Helene,P7,Berlin
Noah,P3,Cologne
Helene,P9,Berlin
Helene,P9,Cologne
Hana,P6,Berlin
Helene,P3,Cologne
Clara,P3,Berlin
Matteo,P4,Nuremberg
Noah,P1,Munich
Noah,P6,Nuremberg
Hana,P8,Munich
Emilia,P1,Cologne
Helene,P1,Berlin
Helene,P6,Munich
Helene,P1,Cologne
Clara,P3,Leipzig
Elias,P4,Berlin
Hana,P4,Munich
Hana,P1,Nuremberg
Noah,P7,Nuremberg
Clara,P4,Cologne
Elias,P5,Nuremberg
Clara,P3,Hamburg
Emilia,P1,Berlin
Hana,P7,Hamburg
Helene,P9,Hamburg
Matteo,P3,Munich
Matteo,P9,Munich
Helene,P2,Nuremberg
Noah,P5,Nuremberg
Hana,P7,Nuremberg
Helene,P3,Munich
Emilia,P1,Munich
Clara,P8,Berlin
Hana,P9,Hamburg
Noah,P6,Leipzig
Matteo,P9,Munich
Emilia,P8,Berlin
Emilia,P6,Berlin
Emilia,P9,Nuremberg
Noah,P3,Munich
Hana,P8,Berlin
Noah,P3,Cologne
Hana,P9,Munich
Noah,P9,Munich
Clara,P6,Munich
Emilia,P6,Cologne
Noah,P7,Cologne
Noah,P9,Berlin
Helene,P9,Hamburg
Helene,P5,Cologne
Hana,P8,Leipzig
Matteo,P9,Leipzig
Emilia,P3,Nuremberg
Clara,P6,Cologne
Helene,P5,Berlin
Helene,P4,Cologne
Elias,P1,Berlin
Hana,P2,Munich
Helene,P5,Cologne
Helene,P1,Munich
Helene,P3,Berlin
Matteo,P2,Nuremberg
Emilia,P7,Cologne
Emilia,P1,Munich
Noah,P4,Berlin
Clara,P1,Berlin
Emilia,P8,Berlin
Hana,P2,Munich
Matteo,P6,Munich
Helene,P1,Berlin
Clara,P9,Munich
Clara,P3,Berlin
Matteo,P1,Berlin
Emilia,P9,Cologne
Hana,P8,Hamburg
Emilia,P1,Leipzig
Noah,P5,Nuremberg
Helene,P9,Berlin
Clara,P5,Munich
Noah,P2,Berlin
Matteo,P9,Munich
Hana,P4,Berlin
Clara,P3,Berlin
Matteo,P9,Cologne
Elias,P6,Berlin
Clara,P8,Leipzig
Hana,P9,Cologne
Noah,P9,Nuremberg
Elias,P3,Cologne
Clara,P1,Nuremberg
Matteo,P9,Cologne
Emilia,P1,Munich
Clara,P6,Cologne
Hana,P1,Leipzig
Helene,P6,Munich
Hana,P9,Nuremberg
Emilia,P3,Munich
Helene,P3,Nuremberg
Noah,P9,Berlin
Helene,P1,Hamburg
Matteo,P7,Berlin
Elias,P5,Leipzig
Matteo,P2,Munich
Emilia,P2,Munich
Helene,P3,Munich
Clara,P7,Leipzig
Helene,P1,Hamburg
Clara,P3,Nuremberg
Helene,P2,Cologne
Matteo,P6,Berlin
Matteo,P8,Berlin
Emilia,P5,Munich
Hana,P6,Cologne
Hana,P6,Berlin
Emilia,P1,Berlin
Helene,P1,Nuremberg
Emilia,P4,Nuremberg
Helene,P8,Berlin
Noah,P1,Berlin
Noah,P9,Munich
Helene,P3,Cologne
Noah,P3,Leipzig
Elias,P5,Leipzig
Matteo,P1,Hamburg
Helene,P5,Hamburg
Hana,P1,Cologne
Helene,P4,Munich
Hana,P7,Munich
Clara,P8,Berlin
Helene,P6,Nuremberg
Hana,P4,Nuremberg
Helene,P1,Munich
Hana,P8,Munich
Noah,P9,Nuremberg
Elias,P3,Hamburg
Noah,P3,Leipzig
Noah,P9,Berlin
Clara,P4,Munich
Helene,P6,Berlin
Noah,P7,Leipzig
Hana,P1,Leipzig
Noah,P9,Munich
Hana,P6,Berlin
Helene,P3,Cologne
Hana,P7,Cologne
Emilia,P1,Leipzig
Clara,P9,Berlin
Emilia,P3,Berlin
Hana,P8,Berlin
Helene,P1,Berlin
Elias,P9,Munich
Emilia,P9,Munich
Matteo,P9,Berlin
Hana,P3,Munich
Clara,P3,Nuremberg
Emilia,P9,Cologne
Helene,P5,Nuremberg
Helene,P8,Nuremberg
Clara,P1,Munich
Clara,P3,Berlin
Helene,P5,Berlin
Helene,P9,Berlin
Emilia,P7,Cologne
Noah,P9,Hamburg
Elias,P2,Leipzig
Elias,P1,Cologne
Elias,P1,Cologne
Helene,P7,Berlin
Elias,P4,Nuremberg
Helene,P1,Munich
Matteo,P9,Hamburg
Elias,P7,Cologne
Clara,P8,Cologne
Matteo,P4,Berlin
Noah,P2,Cologne
Hana,P5,Hamburg
Elias,P8,Munich
Clara,P1,Cologne
